,DS_FAIXA_ETARIA,QT_ABSTENCAO,QT_APTOS,PROPORCAO_ABSTENCAO
0,16 a 20 anos,13634,105794,0.12887309299204114
1,21 a 34 anos,65744,397777,0.16527853546082352
2,35 a 59 anos,45928,419867,0.10938702017543651
3,60 a 89 anos,27895,105066,0.2654997810899815
4,90  a 100 anos ou mais,816,881,0.9262202043132803
