,DS_FAIXA_ETARIA,QT_ABSTENCAO,QT_APTOS,PROPORCAO_ABSTENCAO
0,16 a 20 anos,6372,87274,0.07301143524990261
1,21 a 34 anos,44993,420989,0.10687452641280414
2,35 a 59 anos,28556,392062,0.07283541888782896
3,60 a 89 anos,15773,98001,0.16094733727206864
4,90  a 100 anos ou mais,1327,1452,0.9139118457300276
